,index,label,prediction,FinalLabel
0,36,0,1,False
1,79,1,1,True
2,197,3,1,False
3,382,7,4,False
4,359,7,6,False
5,89,1,0,False
6,418,8,3,False
7,337,6,6,True
8,114,2,2,True
9,275,5,4,False
10,52,1,2,False
11,441,9,7,False
12,173,3,2,False
13,252,4,0,False
14,380,7,8,False
15,414,8,7,False
16,400,8,8,True
17,170,3,6,False
18,472,11,11,True
19,202,3,3,True
20,325,6,5,False
21,107,2,2,True
22,255,4,3,False
23,178,3,3,True
24,260,4,1,False
25,110,2,2,True
26,29,0,1,False
27,42,0,1,False
28,11,0,0,True
29,150,2,2,True
30,159,3,3,True
31,320,6,5,False
32,390,8,6,False
33,444,10,6,False
34,239,4,4,True
35,71,1,1,True
36,241,4,3,False
37,64,1,3,False
38,193,3,2,False
39,194,3,2,False
40,388,8,8,True
41,201,3,0,False
42,445,10,6,False
43,346,6,3,False
44,384,7,7,True
45,409,8,1,False
46,481,11,11,True
47,259,4,5,False
48,192,3,3,True
49,344,6,6,True
50,331,6,5,False
51,399,8,1,False
52,46,1,1,True
53,116,2,1,False
54,349,6,5,False
55,84,1,3,False
56,95,1,3,False
57,217,4,7,False
58,417,8,6,False
59,69,1,1,True
60,408,8,3,False
61,348,6,5,False
62,138,2,1,False
63,182,3,2,False
64,279,5,1,False
65,132,2,1,False
66,213,4,8,False
67,250,4,3,False
68,395,8,8,True
69,385,7,7,True
70,430,9,6,False
71,196,3,7,False
72,460,10,11,False
73,443,10,5,False
74,228,4,2,False
75,257,4,1,False
76,301,5,5,True
77,10,0,0,True
78,125,2,3,False
79,288,5,0,False
80,468,11,7,False
81,280,5,5,True
82,112,2,5,False
83,73,1,0,False
84,351,6,4,False
85,109,2,0,False
86,353,7,8,False
87,364,7,7,True
88,406,8,8,True
89,277,5,11,False
90,410,8,5,False
91,236,4,2,False
92,38,0,0,True
93,135,2,2,True
94,49,1,1,True
95,237,4,4,True
96,381,7,7,True
97,65,1,3,False
98,437,9,7,False
99,93,1,2,False
100,345,6,2,False
101,155,2,0,False
102,75,1,5,False
103,31,0,1,False
104,179,3,2,False
105,436,9,11,False
106,284,5,6,False
107,415,8,6,False
108,57,1,1,True
109,423,9,11,False
110,117,2,2,True
111,100,2,1,False
112,283,5,4,False
113,477,11,8,False
114,352,7,6,False
115,446,10,6,False
116,413,8,6,False
117,200,3,3,True
118,338,6,7,False
119,293,5,2,False
120,357,7,7,True
121,261,5,3,False
122,15,0,0,True
123,56,1,1,True
124,467,11,4,False
125,3,0,0,True
126,387,8,9,False
127,103,2,5,False
128,290,5,5,True
129,118,2,4,False
130,17,0,0,True
131,402,8,6,False
132,306,5,5,True
133,119,2,4,False
134,265,5,0,False
135,278,5,4,False
136,248,4,3,False
137,81,1,1,True
138,212,3,3,True
139,130,2,5,False
140,215,4,1,False
141,121,2,2,True
142,347,6,6,True
143,324,6,6,True
144,398,8,5,False
145,362,7,6,False
146,203,3,0,False
147,335,6,7,False
148,457,10,8,False
149,24,0,0,True
150,474,11,8,False
151,394,8,5,False
152,463,11,6,False
153,83,1,1,True
154,101,2,3,False
155,158,3,2,False
156,339,6,6,True
157,342,6,6,True
158,67,1,2,False
159,363,7,5,False
160,281,5,5,True
161,225,4,1,False
162,421,9,8,False
163,99,2,2,True
164,140,2,2,True
165,449,10,9,False
166,199,3,3,True
167,272,5,2,False
168,249,4,6,False
169,154,2,2,True
170,334,6,6,True
171,34,0,2,False
172,220,4,3,False
173,282,5,3,False
174,311,6,4,False
175,302,5,8,False
176,8,0,1,False
177,370,7,6,False
178,126,2,2,True
179,340,6,6,True
180,367,7,7,True
181,148,2,2,True
182,133,2,0,False
183,243,4,5,False
184,425,9,8,False
185,379,7,6,False
186,181,3,3,True
187,66,1,3,False
188,420,9,8,False
189,137,2,2,True
190,247,4,7,False
191,127,2,3,False
192,373,7,3,False
193,39,0,0,True
194,455,10,9,False
195,313,6,5,False
196,184,3,3,True
197,378,7,1,False
198,214,4,5,False
199,469,11,11,True
200,240,4,3,False
201,312,6,5,False
202,361,7,8,False
203,77,1,3,False
204,104,2,2,True
205,204,3,0,False
206,63,1,0,False
207,439,9,11,False
208,428,9,6,False
209,329,6,4,False
210,172,3,3,True
211,76,1,2,False
212,13,0,0,True
213,433,9,9,True
214,229,4,5,False
215,246,4,0,False
216,218,4,7,False
217,375,7,7,True
218,326,6,6,True
219,165,3,1,False
220,404,8,6,False
221,482,11,5,False
222,156,2,1,False
223,470,11,8,False
224,267,5,1,False
225,407,8,9,False
226,162,3,5,False
227,299,5,3,False
228,141,2,2,True
229,206,3,3,True
230,74,1,0,False
231,294,5,8,False
232,412,8,8,True
233,157,2,0,False
234,115,2,0,False
235,296,5,2,False
236,303,5,2,False
237,269,5,5,True
238,386,7,7,True
239,336,6,5,False
240,392,8,4,False
241,16,0,1,False
242,144,2,6,False
243,142,2,7,False
244,476,11,9,False
245,7,0,0,True
246,238,4,3,False
247,319,6,5,False
248,207,3,2,False
249,188,3,3,True
250,300,5,6,False
251,37,0,0,True
252,242,4,4,True
253,91,1,2,False
254,316,6,5,False
255,411,8,5,False
256,416,8,8,True
257,40,0,0,True
258,459,10,7,False
259,55,1,2,False
260,297,5,5,True
261,143,2,2,True
262,22,0,0,True
263,321,6,0,False
264,427,9,8,False
265,355,7,4,False
266,393,8,6,False
267,230,4,1,False
268,120,2,1,False
269,189,3,3,True
270,432,9,8,False
271,403,8,3,False
272,20,0,0,True
273,226,4,1,False
274,47,1,2,False
275,285,5,5,True
276,19,0,2,False
277,431,9,11,False
278,122,2,2,True
279,360,7,7,True
280,123,2,0,False
281,146,2,3,False
282,68,1,1,True
283,210,3,3,True
284,21,0,0,True
285,82,1,3,False
286,98,2,2,True
287,33,0,0,True
288,245,4,2,False
289,426,9,8,False
290,164,3,3,True
291,310,5,4,False
292,62,1,1,True
293,304,5,7,False
294,186,3,0,False
295,18,0,0,True
296,96,1,3,False
297,368,7,6,False
298,169,3,3,True
299,187,3,2,False
300,263,5,0,False
301,233,4,5,False
302,160,3,4,False
303,51,1,2,False
304,358,7,8,False
305,105,2,1,False
306,371,7,4,False
307,48,1,0,False
308,276,5,6,False
309,28,0,1,False
310,174,3,3,True
311,456,10,6,False
312,23,0,0,True
313,4,0,0,True
314,224,4,1,False
315,253,4,2,False
316,341,6,6,True
317,289,5,6,False
318,32,0,0,True
319,440,9,6,False
320,466,11,8,False
321,374,7,8,False
322,12,0,0,True
323,168,3,2,False
324,131,2,3,False
325,50,1,0,False
326,231,4,3,False
327,6,0,2,False
328,396,8,5,False
329,153,2,3,False
330,227,4,4,True
331,176,3,3,True
332,53,1,1,True
333,270,5,5,True
334,223,4,3,False
335,136,2,3,False
336,87,1,2,False
337,434,9,8,False
338,9,0,1,False
339,88,1,1,True
340,475,11,5,False
341,305,5,6,False
342,166,3,0,False
343,25,0,1,False
344,473,11,7,False
345,448,10,5,False
346,314,6,5,False
347,1,0,1,False
348,216,4,4,True
349,0,0,0,True
350,43,0,0,True
351,438,9,7,False
352,292,5,2,False
353,317,6,11,False
354,163,3,3,True
355,383,7,7,True
356,183,3,1,False
357,14,0,2,False
358,85,1,1,True
359,295,5,5,True
360,442,9,11,False
361,453,10,5,False
362,41,0,2,False
363,145,2,4,False
364,333,6,6,True
365,343,6,5,False
366,106,2,4,False
367,235,4,5,False
368,59,1,7,False
369,134,2,3,False
370,298,5,5,True
371,26,0,0,True
372,318,6,6,True
373,92,1,2,False
374,377,7,5,False
375,309,5,6,False
376,111,2,3,False
377,366,7,11,False
378,332,6,4,False
379,258,4,6,False
380,451,10,11,False
381,72,1,0,False
382,291,5,2,False
383,129,2,4,False
384,372,7,6,False
385,264,5,5,True
386,376,7,6,False
387,369,7,7,True
388,286,5,5,True
389,307,5,5,True
390,365,7,11,False
391,465,11,8,False
392,58,1,3,False
393,78,1,0,False
394,195,3,11,False
395,171,3,4,False
396,266,5,3,False
397,35,0,0,True
398,322,6,5,False
399,315,6,5,False
400,222,4,3,False
401,447,10,11,False
402,480,11,5,False
403,185,3,2,False
404,161,3,3,True
405,356,7,5,False
406,219,4,3,False
407,389,8,11,False
408,198,3,8,False
409,464,11,5,False
410,251,4,11,False
411,461,11,9,False
412,458,10,11,False
413,45,1,3,False
414,397,8,5,False
415,435,9,8,False
416,479,11,8,False
417,86,1,1,True
418,27,0,0,True
419,94,1,1,True
420,330,6,2,False
421,424,9,9,True
422,61,1,2,False
423,191,3,2,False
424,244,4,4,True
425,273,5,3,False
426,328,6,4,False
427,327,6,5,False
428,211,3,5,False
429,180,3,3,True
430,205,3,5,False
431,274,5,8,False
432,450,10,8,False
433,113,2,0,False
434,80,1,1,True
435,102,2,5,False
436,471,11,5,False
437,429,9,7,False
438,147,2,2,True
439,128,2,1,False
440,401,8,7,False
441,60,1,2,False
442,308,5,4,False
443,234,4,4,True
444,90,1,2,False
445,478,11,8,False
446,268,5,2,False
447,271,5,4,False
448,405,8,7,False
449,54,1,1,True
450,422,9,8,False
451,452,10,8,False
452,97,2,1,False
453,167,3,2,False
454,151,2,1,False
455,209,3,0,False
456,152,2,2,True
457,44,1,0,False
458,419,9,7,False
459,177,3,1,False
460,256,4,5,False
461,124,2,1,False
462,454,10,5,False
463,108,2,3,False
464,190,3,6,False
465,139,2,1,False
466,149,2,3,False
467,208,3,2,False
468,254,4,2,False
469,462,11,11,True
470,30,0,0,True
471,262,5,5,True
472,354,7,8,False
473,221,4,2,False
474,5,0,0,True
475,350,6,8,False
476,175,3,4,False
477,232,4,0,False
478,70,1,1,True
479,391,8,8,True
480,323,6,5,False
481,2,0,0,True
482,287,5,6,False
