,index,label,prediction,FinalLabel
0,80,1,1,True
1,150,2,1,False
2,368,7,6,False
3,248,4,2,False
4,110,2,2,True
5,241,4,2,False
6,209,3,0,False
7,392,8,3,False
8,443,10,5,False
9,75,1,6,False
10,475,11,5,False
11,342,6,6,True
12,356,7,5,False
13,452,10,8,False
14,349,6,5,False
15,26,0,0,True
16,165,3,1,False
17,210,3,2,False
18,472,11,11,True
19,96,1,2,False
20,191,3,2,False
21,262,5,5,True
22,450,10,6,False
23,306,5,5,True
24,236,4,2,False
25,460,10,6,False
26,177,3,1,False
27,187,3,1,False
28,17,0,0,True
29,319,6,2,False
30,354,7,9,False
31,141,2,2,True
32,438,9,6,False
33,261,5,3,False
34,373,7,2,False
35,115,2,0,False
36,257,4,1,False
37,367,7,6,False
38,112,2,5,False
39,5,0,0,True
40,142,2,6,False
41,31,0,0,True
42,330,6,2,False
43,328,6,3,False
44,24,0,0,True
45,20,0,0,True
46,359,7,9,False
47,265,5,1,False
48,154,2,2,True
49,233,4,5,False
50,371,7,5,False
51,299,5,2,False
52,21,0,1,False
53,208,3,1,False
54,101,2,3,False
55,315,6,3,False
56,160,3,3,True
57,132,2,1,False
58,258,4,6,False
59,14,0,1,False
60,414,8,6,False
61,219,4,2,False
62,135,2,3,False
63,374,7,6,False
64,435,9,9,True
65,304,5,6,False
66,270,5,5,True
67,203,3,0,False
68,242,4,3,False
69,202,3,2,False
70,195,3,3,True
71,158,3,2,False
72,309,5,5,True
73,104,2,2,True
74,94,1,1,True
75,205,3,3,True
76,410,8,5,False
77,427,9,11,False
78,89,1,0,False
79,76,1,1,True
80,119,2,3,False
81,196,3,6,False
82,291,5,2,False
83,10,0,0,True
84,85,1,1,True
85,336,6,4,False
86,366,7,5,False
87,169,3,2,False
88,102,2,4,False
89,49,1,1,True
90,470,11,9,False
91,312,6,6,True
92,175,3,3,True
93,305,5,6,False
94,100,2,1,False
95,198,3,9,False
96,57,1,0,False
97,166,3,0,False
98,275,5,5,True
99,282,5,3,False
100,124,2,1,False
101,217,4,6,False
102,97,2,2,True
103,272,5,4,False
104,477,11,9,False
105,22,0,1,False
106,197,3,1,False
107,164,3,3,True
108,326,6,6,True
109,403,8,5,False
110,466,11,11,True
111,385,7,5,False
112,211,3,5,False
113,40,0,0,True
114,182,3,2,False
115,81,1,5,False
116,479,11,11,True
117,170,3,6,False
118,156,2,1,False
119,420,9,11,False
120,98,2,1,False
121,397,8,5,False
122,436,9,11,False
123,43,0,0,True
124,213,4,6,False
125,222,4,4,True
126,247,4,6,False
127,458,10,11,False
128,331,6,4,False
129,186,3,0,False
130,44,1,0,False
131,416,8,8,True
132,38,0,0,True
133,401,8,8,True
134,396,8,5,False
135,0,0,0,True
136,437,9,6,False
137,204,3,0,False
138,474,11,11,True
139,35,0,0,True
140,446,10,6,False
141,167,3,2,False
142,411,8,6,False
143,365,7,11,False
144,88,1,1,True
145,138,2,1,False
146,442,9,11,False
147,298,5,4,False
148,52,1,2,False
149,128,2,1,False
150,476,11,6,False
151,190,3,4,False
152,290,5,5,True
153,256,4,3,False
154,15,0,0,True
155,48,1,0,False
156,37,0,0,True
157,432,9,11,False
158,65,1,1,True
159,148,2,2,True
160,82,1,3,False
161,276,5,6,False
162,108,2,2,True
163,415,8,9,False
164,146,2,3,False
165,59,1,3,False
166,310,5,5,True
167,254,4,0,False
168,286,5,5,True
169,278,5,5,True
170,431,9,11,False
171,230,4,1,False
172,131,2,2,True
173,54,1,0,False
174,129,2,3,False
175,79,1,0,False
176,237,4,2,False
177,417,8,6,False
178,92,1,2,False
179,78,1,0,False
180,45,1,3,False
181,140,2,1,False
182,338,6,6,True
183,13,0,0,True
184,224,4,1,False
185,429,9,5,False
186,181,3,2,False
187,152,2,1,False
188,120,2,0,False
189,267,5,2,False
190,377,7,6,False
191,325,6,6,True
192,189,3,2,False
193,480,11,5,False
194,378,7,1,False
195,425,9,6,False
196,449,10,6,False
197,246,4,0,False
198,462,11,11,True
199,109,2,0,False
200,42,0,2,False
201,332,6,5,False
202,168,3,2,False
203,162,3,5,False
204,283,5,3,False
205,340,6,6,True
206,412,8,8,True
207,145,2,2,True
208,281,5,5,True
209,447,10,11,False
210,277,5,5,True
211,285,5,5,True
212,390,8,6,False
213,287,5,6,False
214,201,3,0,False
215,391,8,8,True
216,375,7,6,False
217,308,5,3,False
218,252,4,1,False
219,408,8,3,False
220,149,2,2,True
221,271,5,3,False
222,245,4,2,False
223,87,1,1,True
224,289,5,9,False
225,322,6,5,False
226,225,4,1,False
227,41,0,2,False
228,259,4,3,False
229,216,4,2,False
230,399,8,0,False
231,19,0,1,False
232,430,9,6,False
233,157,2,0,False
234,33,0,0,True
235,454,10,5,False
236,51,1,1,True
237,32,0,0,True
238,173,3,2,False
239,398,8,5,False
240,422,9,8,False
241,461,11,9,False
242,111,2,2,True
243,300,5,6,False
244,346,6,2,False
245,215,4,2,False
246,343,6,5,False
247,426,9,9,True
248,478,11,11,True
249,199,3,2,False
250,221,4,1,False
251,440,9,6,False
252,263,5,0,False
253,240,4,3,False
254,469,11,11,True
255,113,2,0,False
256,220,4,2,False
257,163,3,2,False
258,407,8,9,False
259,473,11,7,False
260,274,5,6,False
261,130,2,3,False
262,126,2,2,True
263,64,1,1,True
264,294,5,6,False
265,269,5,3,False
266,184,3,5,False
267,161,3,2,False
268,66,1,2,False
269,72,1,0,False
270,11,0,0,True
271,317,6,11,False
272,180,3,3,True
273,387,8,6,False
274,303,5,2,False
275,382,7,3,False
276,71,1,1,True
277,174,3,3,True
278,229,4,3,False
279,350,6,6,True
280,441,9,6,False
281,334,6,6,True
282,260,4,1,False
283,84,1,3,False
284,369,7,6,False
285,358,7,8,False
286,353,7,8,False
287,384,7,6,False
288,463,11,6,False
289,376,7,6,False
290,421,9,7,False
291,12,0,0,True
292,227,4,3,False
293,362,7,6,False
294,439,9,9,True
295,50,1,0,False
296,139,2,1,False
297,316,6,6,True
298,56,1,1,True
299,311,6,5,False
300,69,1,1,True
301,406,8,8,True
302,60,1,1,True
303,293,5,0,False
304,434,9,9,True
305,106,2,3,False
306,266,5,3,False
307,433,9,11,False
308,36,0,1,False
309,341,6,6,True
310,214,4,5,False
311,16,0,1,False
312,250,4,2,False
313,445,10,8,False
314,25,0,1,False
315,255,4,3,False
316,455,10,9,False
317,8,0,1,False
318,363,7,6,False
319,55,1,3,False
320,90,1,2,False
321,279,5,1,False
322,121,2,2,True
323,77,1,3,False
324,133,2,0,False
325,226,4,1,False
326,482,11,6,False
327,212,3,2,False
328,83,1,1,True
329,200,3,2,False
330,333,6,5,False
331,335,6,6,True
332,118,2,4,False
333,144,2,0,False
334,3,0,0,True
335,192,3,2,False
336,296,5,1,False
337,137,2,2,True
338,337,6,6,True
339,297,5,5,True
340,320,6,6,True
341,355,7,4,False
342,193,3,2,False
343,465,11,9,False
344,400,8,8,True
345,207,3,3,True
346,347,6,6,True
347,301,5,5,True
348,467,11,4,False
349,4,0,0,True
350,39,0,0,True
351,28,0,2,False
352,413,8,9,False
353,249,4,9,False
354,153,2,2,True
355,251,4,9,False
356,386,7,3,False
357,394,8,9,False
358,464,11,6,False
359,361,7,6,False
360,2,0,0,True
361,471,11,5,False
362,404,8,0,False
363,116,2,2,True
364,117,2,1,False
365,424,9,7,False
366,273,5,2,False
367,329,6,5,False
368,388,8,11,False
369,292,5,2,False
370,360,7,6,False
371,383,7,6,False
372,178,3,2,False
373,280,5,3,False
374,324,6,6,True
375,93,1,2,False
376,459,10,5,False
377,307,5,3,False
378,70,1,1,True
379,7,0,0,True
380,380,7,8,False
381,423,9,11,False
382,352,7,5,False
383,30,0,0,True
384,223,4,2,False
385,314,6,3,False
386,234,4,5,False
387,264,5,5,True
388,136,2,2,True
389,185,3,1,False
390,68,1,1,True
391,143,2,1,False
392,228,4,2,False
393,389,8,11,False
394,95,1,1,True
395,468,11,5,False
396,125,2,3,False
397,206,3,3,True
398,395,8,8,True
399,103,2,4,False
400,63,1,0,False
401,357,7,6,False
402,46,1,1,True
403,453,10,3,False
404,29,0,0,True
405,172,3,2,False
406,61,1,2,False
407,402,8,6,False
408,323,6,6,True
409,232,4,0,False
410,18,0,0,True
411,313,6,5,False
412,243,4,5,False
413,179,3,2,False
414,348,6,5,False
415,9,0,1,False
416,151,2,2,True
417,393,8,6,False
418,53,1,1,True
419,159,3,3,True
420,74,1,0,False
421,321,6,0,False
422,288,5,8,False
423,302,5,9,False
424,448,10,5,False
425,295,5,5,True
426,457,10,11,False
427,372,7,6,False
428,114,2,2,True
429,67,1,2,False
430,339,6,5,False
431,47,1,2,False
432,123,2,0,False
433,134,2,3,False
434,105,2,1,False
435,188,3,2,False
436,58,1,2,False
437,238,4,3,False
438,364,7,6,False
439,176,3,2,False
440,1,0,2,False
441,418,8,2,False
442,244,4,3,False
443,171,3,2,False
444,34,0,1,False
445,444,10,6,False
446,235,4,5,False
447,379,7,6,False
448,239,4,3,False
449,345,6,2,False
450,419,9,6,False
451,451,10,11,False
452,253,4,1,False
453,344,6,6,True
454,62,1,1,True
455,268,5,2,False
456,183,3,1,False
457,231,4,2,False
458,99,2,2,True
459,194,3,3,True
460,23,0,0,True
461,456,10,9,False
462,370,7,6,False
463,127,2,2,True
464,381,7,3,False
465,27,0,0,True
466,351,6,5,False
467,147,2,2,True
468,428,9,5,False
469,409,8,5,False
470,155,2,0,False
471,318,6,6,True
472,122,2,3,False
473,6,0,1,False
474,86,1,1,True
475,107,2,2,True
476,405,8,6,False
477,73,1,0,False
478,91,1,2,False
479,481,11,11,True
480,284,5,6,False
481,327,6,5,False
482,218,4,8,False
